{"RuleTriggered": 1, "Violations": 1, "Details": {"pin_memory": false, "num_workers": 0, "cores": 4, "dataloaders": 1, "dataloading_time": {"p25": 4.679285, "p50": 4.717902, "p95": 5.2536825, "probs": [1, 0, 0, 0, 0, 0, 0, 0, 0, 0, 0, 0, 0, 0, 0, 0, 0, 0, 0, 0, 0, 0, 0, 0, 0, 0, 0, 0, 0, 0, 0, 0, 0, 0, 0, 0, 0, 0, 0, 0, 0, 0, 0, 0, 0, 0, 0, 0, 0, 0, 0, 0, 0, 0, 0, 0, 0, 0, 0, 0, 0, 0, 0, 0, 0, 0, 0, 0, 0, 0, 0, 0, 0, 0, 0, 0, 1, 1, 1, 2, 0, 1, 2, 0, 0, 0, 0, 0, 0, 0, 0, 0, 0, 0, 0, 0, 0, 0, 0, 2], "binedges": [2.55916, 2.58620691, 2.6132538199999997, 2.64030073, 2.66734764, 2.6943945499999997, 2.72144146, 2.74848837, 2.7755352799999997, 2.80258219, 2.8296291, 2.8566760099999997, 2.88372292, 2.91076983, 2.9378167399999997, 2.96486365, 2.99191056, 3.0189574699999997, 3.04600438, 3.07305129, 3.1000981999999997, 3.12714511, 3.15419202, 3.18123893, 3.20828584, 3.23533275, 3.2623796599999997, 3.28942657, 3.31647348, 3.34352039, 3.3705673, 3.39761421, 3.4246611199999997, 3.45170803, 3.47875494, 3.50580185, 3.53284876, 3.55989567, 3.5869425799999997, 3.61398949, 3.6410364, 3.66808331, 3.69513022, 3.72217713, 3.7492240399999996, 3.77627095, 3.80331786, 3.83036477, 3.85741168, 3.88445859, 3.9115054999999996, 3.93855241, 3.96559932, 3.99264623, 4.01969314, 4.04674005, 4.07378696, 4.10083387, 4.12788078, 4.15492769, 4.1819746, 4.2090215099999995, 4.23606842, 4.26311533, 4.29016224, 4.31720915, 4.34425606, 4.37130297, 4.39834988, 4.42539679, 4.4524437, 4.47949061, 4.50653752, 4.533584429999999, 4.5606313400000005, 4.58767825, 4.61472516, 4.64177207, 4.668818979999999, 4.69586589, 4.7229128, 4.74995971, 4.77700662, 4.80405353, 4.83110044, 4.858147349999999, 4.8851942600000005, 4.91224117, 4.93928808, 4.96633499, 4.993381899999999, 5.02042881, 5.0474757199999996, 5.07452263, 5.10156954, 5.12861645, 5.15566336, 5.182710269999999, 5.20975718, 5.23680409, 5.263851]}}, "Datapoints": 11, "RuleParameters": "min_threshold:70\nmax_threshold:200"}