{"RuleTriggered": 0, "Violations": 299, "Details": {"low_gpu_utilization": 2219, "bottlenecks": {"1651916677.21763": {"GPUs": 1, "CPUs": 1}, "1651916677.717563": {"GPUs": 1, "CPUs": 1}, "1651916678.217643": {"GPUs": 1, "CPUs": 3}, "1651916679.217631": {"GPUs": 1, "CPUs": 1}, "1651916679.717606": {"GPUs": 1, "CPUs": 2}, "1651916680.217614": {"GPUs": 1, "CPUs": 1}, "1651916680.717581": {"GPUs": 1, "CPUs": 1}, "1651916681.217627": {"GPUs": 1, "CPUs": 2}, "1651916681.717665": {"GPUs": 1, "CPUs": 2}, "1651916682.217625": {"GPUs": 1, "CPUs": 2}, "1651916682.717618": {"GPUs": 1, "CPUs": 2}, "1651916683.217569": {"GPUs": 1, "CPUs": 2}, "1651916683.71762": {"GPUs": 1, "CPUs": 2}, "1651916684.217595": {"GPUs": 1, "CPUs": 2}, "1651916684.717593": {"GPUs": 1, "CPUs": 3}, "1651916685.217604": {"GPUs": 1, "CPUs": 3}, "1651916685.717601": {"GPUs": 1, "CPUs": 2}, "1651916686.217625": {"GPUs": 1, "CPUs": 2}, "1651916686.717611": {"GPUs": 1, "CPUs": 1}, "1651916687.217615": {"GPUs": 1, "CPUs": 2}, "1651916687.717607": {"GPUs": 1, "CPUs": 1}, "1651916688.217565": {"GPUs": 1, "CPUs": 1}, "1651916688.717628": {"GPUs": 1, "CPUs": 2}, "1651916689.217622": {"GPUs": 1, "CPUs": 2}, "1651916689.717587": {"GPUs": 1, "CPUs": 2}, "1651916690.217567": {"GPUs": 1, "CPUs": 2}, "1651916690.717624": {"GPUs": 1, "CPUs": 2}, "1651916691.217601": {"GPUs": 1, "CPUs": 1}, "1651916691.717622": {"GPUs": 1, "CPUs": 1}, "1651916697.21761": {"GPUs": 1, "CPUs": 1}, "1651916723.717573": {"GPUs": 1, "CPUs": 1}, "1651916724.217629": {"GPUs": 1, "CPUs": 1}, "1651916724.7176": {"GPUs": 1, "CPUs": 1}, "1651916725.217567": {"GPUs": 1, "CPUs": 2}, "1651916725.717593": {"GPUs": 1, "CPUs": 3}, "1651916726.217591": {"GPUs": 1, "CPUs": 2}, "1651916726.717639": {"GPUs": 1, "CPUs": 2}, "1651916727.217604": {"GPUs": 1, "CPUs": 3}, "1651916728.218404": {"GPUs": 1, "CPUs": 1}, "1651916734.717625": {"GPUs": 1, "CPUs": 1}, "1651916735.217592": {"GPUs": 1, "CPUs": 4}, "1651916735.717607": {"GPUs": 1, "CPUs": 4}, "1651916736.217583": {"GPUs": 1, "CPUs": 4}, "1651916736.72278": {"GPUs": 1, "CPUs": 3}, "1651916737.217624": {"GPUs": 1, "CPUs": 3}, "1651916737.717593": {"GPUs": 1, "CPUs": 4}, "1651916738.217589": {"GPUs": 1, "CPUs": 4}, "1651916738.717592": {"GPUs": 1, "CPUs": 4}, "1651916739.217643": {"GPUs": 1, "CPUs": 3}, "1651916739.717612": {"GPUs": 1, "CPUs": 3}, "1651916740.217556": {"GPUs": 1, "CPUs": 4}, "1651916740.71761": {"GPUs": 1, "CPUs": 3}, "1651916741.217561": {"GPUs": 1, "CPUs": 3}, "1651916752.217607": {"GPUs": 1, "CPUs": 1}, "1651916756.217597": {"GPUs": 1, "CPUs": 1}, "1651916756.717609": {"GPUs": 1, "CPUs": 2}, "1651916757.217594": {"GPUs": 1, "CPUs": 1}, "1651916757.71757": {"GPUs": 1, "CPUs": 1}, "1651916758.217655": {"GPUs": 1, "CPUs": 2}, "1651916758.717607": {"GPUs": 1, "CPUs": 2}, "1651916759.217664": {"GPUs": 1, "CPUs": 2}, "1651916759.717605": {"GPUs": 1, "CPUs": 3}, "1651916760.217567": {"GPUs": 1, "CPUs": 3}, "1651916760.717621": {"GPUs": 1, "CPUs": 3}, "1651916761.217633": {"GPUs": 1, "CPUs": 3}, "1651916761.717575": {"GPUs": 1, "CPUs": 4}, "1651916762.21762": {"GPUs": 1, "CPUs": 4}, "1651916762.717583": {"GPUs": 1, "CPUs": 4}, "1651916763.21758": {"GPUs": 1, "CPUs": 4}, "1651916763.717559": {"GPUs": 1, "CPUs": 4}, "1651916764.217632": {"GPUs": 1, "CPUs": 4}, "1651916764.717612": {"GPUs": 1, "CPUs": 4}, "1651916765.217588": {"GPUs": 1, "CPUs": 4}, "1651916765.717597": {"GPUs": 1, "CPUs": 4}, "1651916766.217586": {"GPUs": 1, "CPUs": 4}, "1651916766.717596": {"GPUs": 1, "CPUs": 4}, "1651916767.217587": {"GPUs": 1, "CPUs": 4}, "1651916767.717577": {"GPUs": 1, "CPUs": 4}, "1651916768.217751": {"GPUs": 1, "CPUs": 4}, "1651916778.217573": {"GPUs": 1, "CPUs": 3}, "1651916778.717611": {"GPUs": 1, "CPUs": 3}, "1651916779.21761": {"GPUs": 1, "CPUs": 3}, "1651916779.717601": {"GPUs": 1, "CPUs": 3}, "1651916780.217605": {"GPUs": 1, "CPUs": 3}, "1651916780.717567": {"GPUs": 1, "CPUs": 4}, "1651916781.217643": {"GPUs": 1, "CPUs": 4}, "1651916789.71756": {"GPUs": 1, "CPUs": 1}, "1651916794.717611": {"GPUs": 1, "CPUs": 1}, "1651916815.217574": {"GPUs": 1, "CPUs": 1}, "1651916815.717596": {"GPUs": 1, "CPUs": 2}, "1651916816.217614": {"GPUs": 1, "CPUs": 3}, "1651916816.717643": {"GPUs": 1, "CPUs": 2}, "1651916817.217594": {"GPUs": 1, "CPUs": 3}, "1651916817.717568": {"GPUs": 1, "CPUs": 3}, "1651916818.217618": {"GPUs": 1, "CPUs": 2}, "1651916818.717571": {"GPUs": 1, "CPUs": 2}, "1651916819.217598": {"GPUs": 1, "CPUs": 4}, "1651916819.71759": {"GPUs": 1, "CPUs": 3}, "1651916820.217595": {"GPUs": 1, "CPUs": 3}, "1651916820.717588": {"GPUs": 1, "CPUs": 2}, "1651916821.217589": {"GPUs": 1, "CPUs": 2}, "1651916821.71759": {"GPUs": 1, "CPUs": 4}, "1651916822.217597": {"GPUs": 1, "CPUs": 3}, "1651916822.717582": {"GPUs": 1, "CPUs": 3}, "1651916823.217584": {"GPUs": 1, "CPUs": 3}, "1651916823.71756": {"GPUs": 1, "CPUs": 3}, "1651916824.217594": {"GPUs": 1, "CPUs": 3}, "1651916824.717586": {"GPUs": 1, "CPUs": 3}, "1651916825.217575": {"GPUs": 1, "CPUs": 3}, "1651916825.717591": {"GPUs": 1, "CPUs": 3}, "1651916826.217602": {"GPUs": 1, "CPUs": 3}, "1651916826.717609": {"GPUs": 1, "CPUs": 3}, "1651916827.217613": {"GPUs": 1, "CPUs": 4}, "1651916827.71759": {"GPUs": 1, "CPUs": 3}, "1651916828.217608": {"GPUs": 1, "CPUs": 4}, "1651916828.717579": {"GPUs": 1, "CPUs": 4}, "1651916829.217621": {"GPUs": 1, "CPUs": 4}, "1651916829.717569": {"GPUs": 1, "CPUs": 4}, "1651916830.217625": {"GPUs": 1, "CPUs": 3}, "1651916830.71757": {"GPUs": 1, "CPUs": 4}, "1651916831.217592": {"GPUs": 1, "CPUs": 3}, "1651916831.71759": {"GPUs": 1, "CPUs": 3}, "1651916832.217584": {"GPUs": 1, "CPUs": 3}, "1651916832.717636": {"GPUs": 1, "CPUs": 3}, "1651916833.21761": {"GPUs": 1, "CPUs": 4}, "1651916833.717569": {"GPUs": 1, "CPUs": 4}, "1651916834.217597": {"GPUs": 1, "CPUs": 4}, "1651916834.717611": {"GPUs": 1, "CPUs": 4}, "1651916835.217615": {"GPUs": 1, "CPUs": 3}, "1651916835.717579": {"GPUs": 1, "CPUs": 3}, "1651916836.217603": {"GPUs": 1, "CPUs": 3}, "1651916836.717634": {"GPUs": 1, "CPUs": 3}, "1651916837.2176": {"GPUs": 1, "CPUs": 3}, "1651916837.717601": {"GPUs": 1, "CPUs": 3}, "1651916838.217618": {"GPUs": 1, "CPUs": 4}, "1651916838.717608": {"GPUs": 1, "CPUs": 4}, "1651916839.217592": {"GPUs": 1, "CPUs": 3}, "1651916839.717571": {"GPUs": 1, "CPUs": 3}, "1651916840.217635": {"GPUs": 1, "CPUs": 3}, "1651916840.717579": {"GPUs": 1, "CPUs": 3}, "1651916841.217619": {"GPUs": 1, "CPUs": 3}, "1651916841.7176": {"GPUs": 1, "CPUs": 4}, "1651916842.217595": {"GPUs": 1, "CPUs": 4}, "1651916842.717636": {"GPUs": 1, "CPUs": 3}, "1651916843.217601": {"GPUs": 1, "CPUs": 4}, "1651916843.717554": {"GPUs": 1, "CPUs": 4}, "1651916844.217568": {"GPUs": 1, "CPUs": 3}, "1651916844.717637": {"GPUs": 1, "CPUs": 3}, "1651916845.21762": {"GPUs": 1, "CPUs": 3}, "1651916845.717566": {"GPUs": 1, "CPUs": 3}, "1651916846.217627": {"GPUs": 1, "CPUs": 3}, "1651916846.717603": {"GPUs": 1, "CPUs": 3}, "1651916847.217599": {"GPUs": 1, "CPUs": 3}, "1651916847.717595": {"GPUs": 1, "CPUs": 3}, "1651916848.217597": {"GPUs": 1, "CPUs": 3}, "1651916848.717612": {"GPUs": 1, "CPUs": 3}, "1651916849.217573": {"GPUs": 1, "CPUs": 4}, "1651916849.717601": {"GPUs": 1, "CPUs": 3}, "1651916857.717611": {"GPUs": 1, "CPUs": 3}, "1651916858.217597": {"GPUs": 1, "CPUs": 2}, "1651916858.717597": {"GPUs": 1, "CPUs": 2}, "1651916859.217596": {"GPUs": 1, "CPUs": 2}, "1651916859.717616": {"GPUs": 1, "CPUs": 2}, "1651916860.217594": {"GPUs": 1, "CPUs": 3}, "1651916860.717602": {"GPUs": 1, "CPUs": 2}, "1651916861.217606": {"GPUs": 1, "CPUs": 3}, "1651916875.717612": {"GPUs": 1, "CPUs": 2}, "1651916876.717597": {"GPUs": 1, "CPUs": 1}, "1651916877.217598": {"GPUs": 1, "CPUs": 3}, "1651916877.717573": {"GPUs": 1, "CPUs": 3}, "1651916878.217659": {"GPUs": 1, "CPUs": 3}, "1651916884.217622": {"GPUs": 1, "CPUs": 2}, "1651916884.717609": {"GPUs": 1, "CPUs": 3}, "1651916885.217611": {"GPUs": 1, "CPUs": 3}, "1651916885.71829": {"GPUs": 1, "CPUs": 2}, "1651916886.217617": {"GPUs": 1, "CPUs": 2},