{"RuleTriggered": 0, "Violations": 0, "Details": {"step_num": {"first": 1651917035899806, "last": 1651917708802287}, "job_start": 1651916673.717595, "job_end": 1651917839.718115}, "Datapoints": 14, "RuleParameters": "threshold:20"}