{"RuleTriggered": 0, "Violations": 0, "Details": {"ratio": {"gpu_functions-dev:0": 52.73354251548139, "cpu_functions": 47.26645748451861}, "phase": {"Step:ModeKeys.TRAIN": 125.86682928616952, "others": -25.86682928616952}, "phase_time": {}, "CPU": {"aten::conv2d": 10.185260676044006, "aten::convolution": 10.12770762625556, "aten::_convolution": 10.076158924923838, "aten::cudnn_convolution": 10.02613032340742, "aten::add_": 3.0931007534802175, "CudnnConvolutionBackward": 2.9622090724578163, "Optimizer.step#SGD.step": 3.7106919276285883, "enumerate(DataLoader)#_SingleProcessDataLoaderIter.__next__": 44.23195147189002, "aten::lt": 2.6535445126733173, "aten::eq": 2.933244711239219}, "CPU_total": {"aten::conv2d": 11115946, "aten::convolution": 11053134, "aten::_convolution": 10996875, "aten::cudnn_convolution": 10942275, "aten::add_": 3375735, "CudnnConvolutionBackward": 3232883, "Optimizer.step#SGD.step": 4049759, "enumerate(DataLoader)#_SingleProcessDataLoaderIter.__next__": 48273677, "aten::lt": 2896014, "aten::eq": 3201272}, "GPU": {"aten::conv2d": 10.247637030349225, "aten::convolution": 10.245532465489434, "aten::_convolution": 10.243443123521944, "aten::cudnn_convolution": 10.240422901690605, "CudnnConvolutionBackward": 6.618054237612511, "aten::cudnn_convolution_backward": 6.615099474218043, "aten::cudnn_convolution_backward_input": 3.565416018279283, "aten::cudnn_convolution_backward_weight": 3.04439578430008, "enumerate(DataLoader)#_SingleProcessDataLoaderIter.__next__": 36.74380720182551, "aten::eq": 2.4361917627133485}, "GPU_total": {"aten::conv2d": 13463456, "aten::convolution": 13460691, "aten::_convolution": 13457946, "aten::cudnn_convolution": 13453978, "CudnnConvolutionBackward": 8694871, "aten::cudnn_convolution_backward": 8690989, "aten::cudnn_convolution_backward_input": 4684282, "aten::cudnn_convolution_backward_weight": 3999760, "enumerate(DataLoader)#_SingleProcessDataLoaderIter.__next__": 48274410, "aten::eq": 3200695}, "general": {"DataLoaderIterInitialize": 0.0004671254612368209, "DataLoaderIter": 4.242966354380703, "Forward": 95.75656652015806}}, "Datapoints": 0, "RuleParameters": ""}